example_id,title
25013,ACU-1-480
25014,ACU-2-480
25015,ACU-3-480
25016,ACU-4-480
25017,ACU-5-480
25018,ACU-6-480
25024,Calendar1-480
25025,Calendar2-480
25026,CarlSims-480
25027,CarlSims2-480
25028,CarlSims3-480
25020,Alb-720
25022,Arturo-480
25029,Cascade-720
25031,CellCycle1-720
25032,CellCycle2-720
25033,CellCycle3-720
25042,Communion1-720
25043,Communion2-720
25058,Datamatics-720
25060,DesignByNumbers-720
25070,Drawn-480
25071,Element1-480
25072,Element2-480
25080,EnergyFlowGravity-720
25081,EnergyFlowHadron-720
25084,Eyewriter1-720
25085,Eyewriter2-720
25086,FaceOSC-720
25089,Flight404-720
25090,FlightPatterns-720
25099,GoodMorning-720
25175,LitTree-720
25174,ListeningPost-720
25178,Lumarca-720
25179,ManualInput-480
25180,meshU-480
25181,Messa1-720
25182,Messa2-720
25183,Nature1-720
25185,OpenPaths-720
25187,Particle-Dreams-480
25188,Partitura-720
25189,PeopleStaring-720
25190,Process18-480
25191,ReactiveBook-480
25192,ReactiveSquare-480
25195,Sheepmarket-720
25197,Sniff-720
25198,SocialTurkers-720
25200,SuperMario-480
25201,Syn-720
25208,ToxicLibs-720
25209,Transfinite-720
25210,TransparencyGrenade-720
25211,Tron-480
25203,TestPatterns-720
25204,ThinkingMachine-720
