20894,"Aaron-code,-story,-communication.mov"
20895,Aaron-collaboration.mov
20908,Aaron-Crowdsourcing.mov
20909,Aaron-curiosity.mov
20910,Aaron-data-experience.mov
20911,Aaron-data-storytelling.mov
20912,Aaron-different-ways-of-communicating.mov
20913,Aaron-digital-trace.mov
20914,Aaron-dreaming-together.mov
20915,Aaron-exchange-of-ideas-drives-progress.mov
20916,Aaron-exciting-time.mov
20917,Aaron-experience-design.mov
20920,Aaron-exquisite-forest.mov
20918,Aaron-exquisite-forest-2.mov
20919,Aaron-exquisite-forest-3.mov
20921,Aaron-global-communication.mov
20922,Aaron-global-interactions.mov
20923,Aaron-Google-Data-arts.mov
20924,Aaron-individualization-%2B-emotion.mov
20925,Aaron-infinity.mov
20926,Aaron-lego-creatures.mov
20927,Aaron-Mini-Artificial-Intelligences.mov
20929,Aaron-mini-brains.mov
20928,Aaron-mini-brains-2.mov
20930,Aaron-networked-creativity.mov
20931,Aaron-progress.mov
20932,Aaron-recombination.mov
20933,Aaron-sharing.mov
20935,Aaron-sheep-market.mov
20934,Aaron-sheep-market-2.mov
20936,Aaron-software-is-a-brain.mov
20937,Aaron-stories-make-our-lives-worth-living.mov
20938,Aaron-stories-through-our-brains.mov
20939,Aaron-story-medium.mov
20940,Aaron-Tailored-Stories.mov
20941,Aaron-the-best-games-are-great-stories.mov
20942,Aaron-webGL.mov
20966,Andres-an-overly-complex-model.mov
20967,Andres-camera-distorts-reality.mov
20968,Andres-Computational-lens.mov
20969,Andres-correct-is-beautiful.mov
20970,Andres-DNA-computing-1.mov
20971,Andres-DNA-computing-2.mov
20972,Andres-examples-of-the-impossible.mov
20973,Andres-fuzzy-systems.mov
20974,Andres-Less-beautiful-than-it-could-be.mov
20975,Andres-make-an-egg.mov
20976,Andres-modeling-complex-systems.mov
20977,Andres-modeling-the-human-being.mov
20978,Andres-probability.mov
20979,Andres-protein-folding-1.mov
20980,Andres-protein-folding-2.mov
20981,Andres-Reaching-higher.mov
20982,Andres-seeing-molecules.mov
20983,Andres-sharing-code.mov
20984,Andres-soft-systems-1.mov
20985,Andres-soft-systems-2.mov
20986,Binx-actually-interesting.mov
20987,Binx-ar%26%26code.mov
20988,Binx-art-and-culture.mov
20989,Binx-art-for-money.mov
20990,Binx-Background.mov
20991,Binx-big-data.mov
20992,Binx-brogrammers.mov
20993,Binx-changing-the-world.mov
20994,Binx-creative-coding-is-more-diverse.mov
20995,Binx-digestibility.mov
20996,Binx-face-data.mov
20997,Binx-field-of-data-vis.mov
20998,Binx-frustrated-about-visualization.mov
20999,Binx-geodata.mov
21000,Binx-glass-ceiling.mov
21001,Binx-hackathon.mov
21002,Binx-hybridity.mov
21004,Binx-learning.mov
21003,Binx-learning-with-others.mov
21005,Binx-making-a-map.mov
21006,Binx-making-things.mov
21007,Binx-maps.mov
21008,Binx-meaningful-shape1.mov
21009,Binx-Mesh-U-business.mov
21010,Binx-programming-is-a-superpower.mov
21011,Binx-Significant-othered.mov
21012,Binx-skillshare.mov
21013,Binx-tech-fracturing.mov
21014,Binx-technoutopian.mov
21015,Binx-there-was-no-degree.mov
21016,Binx-tool-for-others.mov
21017,Binx-tools-for-storytelling.mov
21018,Binx-tools-for-storytelling2.mov
21019,Binx-trips.mov
21020,Binx-women-in-tech.mov
21021,Binx-work-for-hire.mov
21024,Bruce-2060s-(Lashup-5).mov
21022,Bruce-3D-printed-buildings.mov
21023,Bruce-7-year-lifespan-of-novelty.mov
21026,Bruce-aborted-projects.mov
21027,"Bruce-Age-of-the-universe,-really-weird.mov"
21028,Bruce-All-of-a-sudden....mov
21029,Bruce-Anthropomorphism.mov
21030,Bruce-Art-history-vs-Trendspotting.mov
21025,Bruce-A-sappy-Singularity.mov
21031,Bruce-atemporality.mov
21032,Bruce-Augmented-Ubiquity.mov
21033,Bruce-beauty-of-code-1.mov
21034,Bruce-beauty-of-code-2.mov
21035,Bruce-beauty-of-code-3.mov
21036,Bruce-beauty-of-code-4.mov
21037,Bruce-beauty-of-code-5.mov
21038,Bruce-beauty-of-math.mov
21039,Bruce-camera-of-future-25-years.mov
21040,Bruce-camera-technician-vs-explorer.mov
21041,Bruce-Computer-art-takes-flight.mov
21042,Bruce-Constant-improvement.mov
21043,Bruce-Costs-crash.mov
21045,Bruce-creative-agglomeration.mov
21044,Bruce-creative-agglomeration-short.mov
21046,Bruce-creativity-in-old-age.mov
21047,Bruce-Criticism.mov
21048,Bruce-cyberpunk-dictum-long.mov
21049,Bruce-cyberpunk-dictum-short.mov
21050,Bruce-Dead-sea-scrolls.mov
21051,Bruce-Design-vs-Art.mov
21052,Bruce-Digital-fabrication.mov
21053,Bruce-Digital-humanities-technology.mov
21054,Bruce-digital-status-quo.mov
21055,Bruce-Don't-care-about-design.mov
21056,Bruce-Eno-2.mov
21057,Bruce-Everted-Cyberspace.mov
21058,Bruce-fanciful-metaphors-1.mov
21059,Bruce-Fax-machine.mov
21060,Bruce-FFFFFAT-Lab.mov
21061,Bruce-find-the-inner-wellspring.mov
21062,Bruce-Fountain-pen.mov
21063,Bruce-Fractal-graphics.mov
21064,Bruce-Future-art.mov
21065,Bruce-Future-camera-1.mov
21066,Bruce-future-camera-2.mov
21067,Bruce-future-camera-3.mov
21068,Bruce-future-camera-4.mov
21069,Bruce-future-camera-5.mov
21070,Bruce-future-city-1.mov
21071,Bruce-future-city-2.mov
21072,Bruce-future-of-the-new-aesthetic.mov
21073,Bruce-Gardening-1.mov
21074,Bruce-Gardening-2.mov
21075,"Bruce-Gay-sex,-not-that-weird.mov"
21076,Bruce-Geeks-with-style.mov
21077,Bruce-Github-Tarball.mov
21078,Bruce-hamster-herding.mov
21079,Bruce-Hand-dryer.mov
21080,Bruce-Hi-I'm-conscious.mov
21081,Bruce-ideas-about-time.mov
21082,Bruce-Infinity-in-a-grain-of-sand.mov
21083,Bruce-It's-an-old-thing.mov
21084,Bruce-kinect-hacking.mov
21085,Bruce-lashup-1.mov
21086,Bruce-lashup-2.mov
21087,Bruce-lashup-3.mov
21088,Bruce-machines-don't-think-1.mov
21089,Bruce-machines-don't-think-2.mov
21090,Bruce-Marius.mov
21091,Bruce-military.mov
21092,Bruce-networks-vs-robots.mov
21093,Bruce-new-aesthetic-1.mov
21094,Bruce-new-aesthetic-2.mov
21095,Bruce-new-aesthetic-artists.mov
21096,Bruce-New-media-Wow.mov
21097,Bruce-not-one-cyberpunk-idea.mov
21098,Bruce-Not-one-idea-of-the-future.mov
21099,Bruce-obsessed-with-tactics.mov
21100,Bruce-orange.mov
21101,Bruce-Parametric-vs-Generative.mov
21102,Bruce-past-and-future.mov
21103,Bruce-pinheaded-geekdom.mov
21104,Bruce-Pointcloud-world.mov
21105,Bruce-Popular-installation-art.mov
21106,Bruce-relating-to-history-through-networks.mov
21107,Bruce-Reverse-engineered.mov
21108,Bruce-Simulation-Replication-Recursion.mov
21109,Bruce-small-fuzzy-things.mov
21110,Bruce-Suffocated-by-the-old.mov
21111,Bruce-talking-about-the-future-as-history.mov
21112,Bruce-Techno-in-Berlin.mov
21113,Bruce-Textual-technologies.mov
21114,Bruce-Tidepools.mov
21115,Bruce-Trendier-than-thou.mov
21116,Bruce-Trendspotting.mov
21117,Bruce-Truth-is-unstable.mov
21118,Bruce-twitter-is-not-your-friend.mov
21119,Bruce-unstable-mileau-of-media-art.mov
21120,Bruce-Volition.mov
21121,Bruce-what-gets-you-out-of-bed.mov
21122,Bruce-Wikipedia-2.mov
21123,Bruce-Wikipedia-and-Github.mov
21124,Casey-10Print.mov
21125,Casey-beginnings.mov
21126,Casey-Birth-of-processing.mov
21127,Casey-Borrowing-from-culture.mov
21128,Casey-branching-off-branching.mov
21129,Casey-Computer-as-collaborator.mov
21130,Casey-Craig-Venter.mov
21131,Casey-Design-by-numbers-to-processing.mov
21132,Casey-Developing-a-microworld.mov
21133,Casey-emergence.mov
21134,Casey-futurist.mov
21135,Casey-group-teaching.mov
21136,Casey-Ideally-it-goes-beyond-my-imagination.mov
21137,Casey-ideas-of-art-history.mov
21138,Casey-Indie-Game-movement.mov
21139,Casey-It's-not-cinema-not-a-game.mov
21140,Casey-learning-from-precursors.mov
21141,Casey-Massive-parallel-systems.mov
21142,Casey-New-modes-of-expression.mov
21143,Casey-old-media.mov
21144,Casey-passionate-about-cinema.mov
21145,Casey-People-would-pop-up.mov
21146,Casey-Processing-addons.mov
21147,Casey-Processing-open.mov
21148,"Casey-Processing,-what-is-it%3F.mov"
21149,Casey-Programming-at-26.mov
21150,Casey-pseudo-science.mov
21151,Casey-pushing-software-beyond.mov
21152,Casey-radically-different-from-a-videogame.mov
21153,Casey-randomness.mov
21154,Casey-Scale-1.mov
21155,Casey-Scale-2.mov
21156,Casey-Scale-3.mov
21157,Casey-sketching-with-code.mov
21158,Casey-Software-is-what-i-love-the-most.mov
21159,"Casey-Something-new,-totally-engrossing.mov"
21160,Casey-Started-small.mov
21161,Casey-Style-diffuses.mov
21162,Casey-synthetic-biology.mov
21163,Casey-Systems-theory.mov
21164,Casey-tangle.mov
21165,Casey-teaching-at-UCLA.mov
21166,Casey-thinking-about-time.mov
21167,Casey-Tree-of-Life.mov
21168,Casey-Tron.mov
21169,Casey-understanding-future.mov
21170,Casey-What-is-emergence%3F.mov
21171,Casey-You-need-noise.mov
21172,Elliot-UK-2D-vision-in-a-3D-world.mov
21173,Elliot-UK-aesthetic-of-error.mov
21174,Elliot-UK-Ideaspace.mov
21175,Elliot-UK-Laying-claim-on-ideas.mov
21176,Elliot-UK-lightscape.mov
21177,Elliot-UK-limitation-1.mov
21178,Elliot-UK-limitations-2.mov
21179,Elliot-UK-points-in-space.mov
21180,Elliot-UK-tree-sculpture.mov
21181,Elliot-UK-wiremape-description.mov
21183,Fernanda-art-science-spectrum.mov
21182,Fernanda-A-social-lens.mov
21184,Fernanda-curiosity.mov
21185,Fernanda-defense-of-complexity-1.mov
21186,Fernanda-defense-of-complexity-2.mov
21187,Fernanda-email-storytelling.mov
21189,Fernanda-fleshmap1.mov
21190,Fernanda-fleshmap2.mov
21188,Fernanda-fleshmap-3.mov
21191,Fernanda-Googe-plus-2.mov
21192,Fernanda-Google-plus-2.mov
21193,Fernanda-had-to-explain-that-the-web-was-social.mov
21194,Fernanda-History-flow-1.mov
21195,Fernanda-History-flow-2.mov
21196,Fernanda-History-flow-3.mov
21197,Fernanda-History-flow-4.mov
21198,Fernanda-hybrid-community.mov
21199,Fernanda-mainstreaming-of-data-viz.mov
21200,Fernanda-non-numerical-visualization.mov
21201,Fernanda-nytimes-graphics.mov
21202,Fernanda-Personal-data.mov
21203,Fernanda-Policy-and-data.mov
21204,Fernanda-quantified-self.mov
21205,Fernanda-Replaying-the-moment-of-discovery.mov
21206,Fernanda-seeing-patterns-1.mov
21207,Fernanda-seeing-patterns-2.mov
21208,Fernanda-Sentiment-analysis.mov
21209,Fernanda-Social-dynamics.mov
21210,Fernanda-social-network-hairballs.mov
21211,Fernanda-Tag-clouds.mov
21212,Fernanda-teens-give-birth-to-memes.mov
21213,Fernanda-Viral-pattern-1.mov
21214,Fernanda-Viral-pattern-2.mov
21215,Fernanda-viral-videos.mov
21216,Fernanda-visualized-data-doesn't-seem-complex.mov
21217,Fernanda-what-do-we-mean-by-data.mov
21218,Fernanda-what-is-data.mov
21219,Fernanda-What-people-are-thinking.mov
21220,Fernanda-Wind-visualization-1.mov
21221,Fernanda-Wind-visualization-2.mov
21222,Fernanda-zooming-in.mov
21223,Golan-.mov
21224,Golan-ACG.mov
21225,Golan-ACG3.mov
21226,Golan-administrating-versus-making.mov
21227,Golan-Anxious-about-the-future.mov
21228,Golan-apocalypse3.mov
21229,Golan-audiovisual-concept.mov
21230,Golan-closed-source-mistake.mov
21231,Golan-damn.mov
21232,Golan-easy-beauty.mov
21233,Golan-emotion.mov
21234,Golan-eno.mov
21235,Golan-finding-a-community.mov
21236,Golan-formalism.mov
21237,Golan-hackathon.mov
21238,Golan-hackathons2.mov
21239,Golan-hybridity.mov
21240,Golan-hybridity2.mov
21241,Golan-instruments.mov
21242,Golan-jolted-into-the-NOW.mov
21243,Golan-keeping-you-stuff-working.mov
21244,Golan-kerrington.mov
21245,Golan-kessler.mov
21246,Golan-Kyle.mov
21247,Golan-laughter.mov
21248,Golan-laughter2.mov
21249,Golan-limits-to-sharing.mov
21250,Golan-listening-post.mov
21251,Golan-make-a-mark.mov
21252,Golan-Marker-2.mov
21253,Golan-MIT.mov
21254,Golan-my-mother-the-abstract-painter.mov
21255,Golan-observation-of-users.mov
21256,Golan-open-data.mov
21257,Golan-pedagogical-impulse.mov
21258,Golan-people-at-MIT.mov
21259,Golan-people-like-myself.mov
21260,"Golan-piano-and-pencil,.mov"
21261,Golan-Play.mov
21262,Golan-playable-image.mov
21263,Golan-project-example.mov
21264,Golan-raytraced-spheres.mov
21265,Golan-sad-not-to-be-making.mov
21266,Golan-staring-down-the-barrel.mov
21267,Golan-STUDIO-art-and-code.mov
21268,Golan-this-to-that.mov
21269,Golan-twitching-in-a-room.mov
21270,"Golan-useless,-whimsical.mov"
21271,Golan-what's-an-instrument%3F.mov
21272,Golan-why-major-in-art.mov
21273,Golan-why-make-art.mov
21274,Golan-wide-open-field.mov
21275,Golan-woah.mov
21276,Golan-woah2.mov
21277,Golan-would-be-boring.mov
21278,Golan-yellow-tail.mov
21279,Greg-AI-1.mov
21280,Greg-AI-2.mov
21281,Greg-camera-getting-cheaper.mov
21282,Greg-camera-scaling-up.mov
21283,Greg-cameras-scaling-up.mov
21284,Greg-community.mov
21285,Greg-Creative-Coder.mov
21286,Greg-Doug-Engelbart-part-1.mov
21287,Greg-engage-with-research.mov
21288,Greg-Gaze-tracking.mov
21289,Greg-human-augmentation.mov
21290,Greg-makematics1.mov
21291,Greg-object-oriented-ontology-1.mov
21292,Greg-Object-Oriented-Ontology-2.mov
21293,Greg-object-oriented-ontology-3.mov
21294,Greg-Sharpening-spears.mov
21295,Greg-Trickle-down.mov
21296,Greg-ubiquitous-computing.mov
21297,Greg-visual-effects.mov
21298,Higa-.mov
21299,Higa-beautiful-useful-interesting.mov
21300,Higa-beginnings.mov
21301,Higa-collaboration-with-machines-1.mov
21302,Higa-collaboration-with-machines-2.mov
21303,Higa-commercial-vs-personal-work.mov
21304,Higa-committed-to-community.mov
21305,Higa-dreaming-of-problems.mov
21306,Higa-language-barriers.mov
21307,Higa-limitations.mov
21308,Higa-not-sharing-its-a-backup.mov
21309,Higa-only-meets-pure-geeks.mov
21310,Higa-otaku-level.mov
21311,Higa-process-of-working-alone.mov
21312,Higa-sharing-accidently-1.mov
21313,Higa-sharing-accidently-2.mov
21314,Higa-sharpness-of-decisions.mov
21315,Higa-simplicity-of-self-made-tools.mov
21316,Higa-sound-and-video.mov
21317,Higa-thick-wall.mov
21318,Higa-tiny-riot-1.mov
21319,Higa-tiny-riot-2.mov
21320,Higa-tiny-riot-4.mov
21321,Higa-understanding-pointers.mov
21322,Higa-working-all-night.mov
21323,Javier-behavior-change.mov
21324,Javier-Data-ownership.mov
21325,Javier-Drones-can-help.mov
21326,Javier-hacker-critique.mov
21327,Javier-hackers-1.mov
21328,Javier-hackers-2.mov
21329,Javier-Hummingbird-drone.mov
21330,Javier-Julian-Oliver.mov
21331,Jen-a-different-mathematics.mov
21332,Jen-a-gravity-to-the-work.mov
21333,Jen-all-about-complexity.mov
21334,Jen-Big-data.mov
21335,Jen-browsing.mov
21336,Jen-building-community.mov
21337,Jen-data-autobiography.mov
21338,Jen-data-crystal-ball-1.mov
21339,Jen-data-crystal-ball-2.mov
21340,Jen-data-crystal-ball-3.mov
21341,Jen-data-essay-1.mov
21342,Jen-data-essay-2.mov
21343,Jen-data-memory-1.mov
21344,Jen-data-memory-2.mov
21345,Jen-data-truth.mov
21346,Jen-data-viz-challenges.mov
21347,Jen-data-viz-noire.mov
21348,Jen-data-viz-too-serious-1.mov
21349,Jen-data-viz-too-serious-2.mov
21350,Jen-deep-interaction.mov
21351,Jen-facebook-data.mov
21352,Jen-generalization-1.mov
21353,Jen-generalization-2.mov
21354,Jen-grouping-people.mov
21355,Jen-Guesswork.mov
21356,Jen-hated-computer-science.mov
21357,Jen-immersion-in-data.mov
21358,Jen-immersion-of-reading.mov
21360,Jen-information-cave.mov
21359,Jen-in-the-movie.mov
21361,Jen-intuitive-spelunking.mov
21362,Jen-keeping-pictures.mov
21363,Jen-library.mov
21364,Jen-Lidar-1.mov
21365,Jen-Lidar-2.mov
21366,Jen-life-chapters.mov
21369,Jen-MathMajor-1.mov
21367,Jen-Math-shapes-the-world.mov
21368,Jen-Math-simulating-reality.mov
21370,Jen-more-playfulness.mov
21371,Jen-museum-immersion.mov
21372,Jen-necessity-of-code-1.mov
21373,Jen-necessity-of-code-2.mov
21374,Jen-new-toolkits.mov
21375,Jen-numbers-and-words.mov
21376,Jen-objective-subjective.mov
21377,Jen-oversimplified-circles-1.mov
21378,Jen-oversimplified-circles-2.mov
21379,Jen-personal-archive-1.mov
21380,Jen-Personal-archive-2.mov
21381,Jen-Predicting-weather.mov
21382,Jen-prisons.mov
21383,Jen-pull-out-the-stories.mov
21384,Jen-rafael's-cardiogram.mov
21385,Jen-rhetorical-tool-1.mov
21386,Jen-rhetorical-tool-2.mov
21387,Jen-right-choice-1.mov
21388,Jen-right-choice-2.mov
21389,Jen-saving-the-world.mov
21390,Jen-Scaling-data.mov
21391,Jen-self-and-other.mov
21392,Jen-sitting-in-front-of-a-computer.mov
21393,Jen-stasis-1.mov
21394,Jen-stasis-2.mov
21395,Jen-stencil-pie-chart.mov
21396,Jen-struggle-with-programming.mov
21397,Jen-telling-stories-to-engage.mov
21399,Jen-too-serious.mov
21398,Jen-to-program-or-not-to-program.mov
21400,Jen-truthiness.mov
21401,Jen-twitter-friends.mov
21402,Jen-visual-communication.mov
21403,Jer-active-not-interactive.mov
21404,Jer-ambiguous-narrative.mov
21405,Jer-Big-Data-Security.mov
21406,Jer-Data-ownership.mov
21407,Jer-data-visualization.mov
21408,Jer-deciding-not-to-record.mov
21409,Jer-Desire-to-get-together.mov
21410,Jer-everyday-experience.mov
21411,Jer-Eyewriter-touchstone.mov
21412,Jer-failure-to-communicate.mov
21413,Jer-fireflies.mov
21414,Jer-Generative-Art.mov
21415,Jer-Good-at-understanding-complexity.mov
21416,Jer-lives-being-documented-through-data.mov
21417,Jer-makerthons.mov
21418,Jer-Making-a-tool.mov
21419,Jer-open-paths-1.mov
21420,Jer-open-paths-2.mov
21421,Jer-open-paths-3.mov
21422,Jer-opportunistic-sensors-for-apple.mov
21423,Jer-Pattern.mov
21424,Jer-people-don't-read-these-things.mov
21425,Jer-Post-capitalism.mov
21426,Jer-post-capitalism2.mov
21427,Jer-reading-the-complexity.mov
21428,Jer-Research-at-Open-Paths.mov
21429,Jer-Software1.mov
21430,Jer-Software2.mov
21431,Jer-spoken-word.mov
21432,Jer-storage.mov
21433,Jer-take-advantage-of-this-thing-we-can-do.mov
21434,Jer-Thanks.mov
21435,Jer-Thought-it-was-boring.mov
21436,Jer-Toxi:-gurus.mov
21437,JTNimoy-100-artists-versus-One.mov
21438,JTNimoy-based-on-human-mind.mov
21439,JTNimoy-be-a-robot.mov
21440,JTNimoy-Comes-from-the-human-mind.mov
21441,JTNimoy-corporate.mov
21442,JTNimoy-Cortex.mov
21443,JTNimoy-data-loss.mov
21444,JTNimoy-Describe-the-Kinect.mov
21445,JTNimoy-Dream.mov
21446,JTNimoy-Dream1.mov
21447,JTNimoy-enough-cooks.mov
21448,JTNimoy-evolution.mov
21449,JTNimoy-geek-culture.mov
21450,JTNimoy-I-addicted-myself.mov
21451,JTNimoy-icosahedron.mov
21452,JTNimoy-immersion.mov
21453,JTNimoy-immersion2.mov
21454,JTNimoy-increased-the-bandwidth.mov
21455,JTNimoy-one-of-us.mov
21456,JTNimoy-open-source-mensch.mov
21457,JTNimoy-originality.mov
21458,JTNimoy-performance1.mov
21459,JTNimoy-Pickle.mov
21460,JTNimoy-relating.mov
21461,JTNimoy-they-will-learn.mov
21462,JTNimoy-thinking-by-doing.mov
21463,JTNimoy-Unplugging.mov
21464,Julia-aesthetic-value.mov
21465,Julia-beginning-in-the-tech-scene.mov
21466,Julia-can't-be-solitary.mov
21467,Julia-CLOUDS.mov
21468,Julia-community.mov
21469,Julia-emotional.mov
21470,Julia-feeling-of-kinship.mov
21471,Julia-how-it-makes-me-feel.mov
21472,Julia-human-in-tech.mov
21473,Julia-lives-online.mov
21474,Julia-make-us-more-compassionate.mov
21475,Julia-medium-of-our-time.mov
21476,Julia-million-facebook.mov
21477,Julia-museum-emotion.mov
21492,Julian-artist-and-hired-hand.mov
21493,Julian-change-the-way-we-see-tech.mov
21494,Julian-city-as-operating-system.mov
21495,Julian-Critical-engineering.mov
21496,Julian-data-viz-critique.mov
21497,Julian-data-viz-endorsement.mov
21478,Julia-net-friends.mov
21479,Julia-new-and-interesting.mov
21498,Julian-hacker.mov
21500,Julian-ideology-of-seamlessness.mov
21499,Julian-I-love-networks.mov
21501,Julian-journey-to-the-moon.mov
21502,Julian-lulzSec.mov
21503,Julian-mixing-code.mov
21504,Julian-open-source.mov
21505,Julian-Ray-Bradbury-story.mov
21507,Julian-science-fiction.mov
21506,Julian-sci-fi-and-electronic-music.mov
21508,Julian-Shapes-the-way-we-think.mov
21509,Julian-toolkit-culture.mov
21510,Julian-Transparency.mov
21511,Julian-what's-inside-this-thing.mov
21480,Julia-open-source-and-ego.mov
21481,Julia-Paola.mov
21482,Julia-program-or-be-programmed.mov
21483,Julia-propagates-itself.mov
21484,Julia-strength-of-weak-ties.mov
21485,Julia-tech-to-pop-culture.mov
21486,Julia-toward-greater-generosity-1.mov
21487,Julia-we-feel-fine.mov
21488,Julia-what-clouds-is-about.mov
21489,Julia-what-is-it-doing-to-us.mov
21490,Julia-Who-owns-the-internet%3F.mov
21491,Julia-work-in-context.mov
21512,Karolina-awkward-performances.mov
21513,Karolina-collaboration.mov
21514,Karolina-Everything.mov
21515,Karolina-ideas-into-things.mov
21516,Karolina-interactive-tableau.mov
21517,Karolina-Journey.mov
21518,Karolina-making-tools2.mov
21519,"Karolina-motion-story,.mov"
21520,Karolina-Ocean-as-metaphor.mov
21521,Karolina-Panel-discussion.mov
21522,Karolina-stasis.mov
21523,Karolina-suspension-of-disbelief.mov
21524,Karolina-system-metaphor.mov
21525,Karolina-toolmaking.mov
21526,Karsten-256-bytes-part-1.mov
21527,Karsten-always-improved.mov
21528,Karsten-archiving.mov
21529,Karsten-atari-emulation.mov
21530,Karsten-becoming-insular.mov
21531,Karsten-changing-behavior.mov
21532,Karsten-code-as-way-of-knowing.mov
21533,Karsten-code-has-nothing-to-do-with-machines.mov
21534,Karsten-code-is-information.mov
21535,Karsten-culture-and-evolution.mov
21536,Karsten-DarkNet.mov
21538,Karsten-database.mov
21537,Karsten-data-visualization.mov
21539,Karsten-demo-scene-1.mov
21540,Karsten-demo-scene-2.mov
21541,Karsten-demo-scene-3.mov
21542,Karsten-dissemination.mov
21543,Karsten-east-german-hardware-1.mov
21544,Karsten-east-german-hardware-2.mov
21545,Karsten-Educational-tools.mov
21546,Karsten-illusion-of-original-thought.mov
21547,Karsten-immediate-feedback.mov
21548,Karsten-infinite-conversation.mov
21549,Karsten-literacy-issues'.mov
21550,Karsten-malware.mov
21551,Karsten-memes.mov
21552,Karsten-new-media.mov
21553,Karsten-obsolescence.mov
21554,Karsten-parallel-processing.mov
21555,Karsten-Paul-Burke.mov
21556,Karsten-physical-feedback.mov
21557,Karsten-power-point-vs-programming.mov
21558,Karsten-preserving-history.mov
21559,Karsten-processing.mov
21560,Karsten-programming-is....mov
21561,Karsten-social-collider.mov
21562,Karsten-solving-complex-problems.mov
21563,Karsten-toxiclibs.mov
21564,Karsten-users.mov
21565,Karsten-virus.mov
21566,Karsten-where-it-could-go.mov
21567,Karsten-why-don't-we-learn%3F.mov
21568,Kevin-Acknolwedgement-of-artifice.mov
21569,Kevin-algo-chess-1.mov
21570,Kevin-algo-chess-2.mov
21571,Kevin-algo-chess-3.mov
21572,Kevin-algo-culture-1.mov
21573,Kevin-algo-culture-2.mov
21574,Kevin-algo-culture-3.mov
21575,Kevin-algo-culture-4.mov
21576,Kevin-algo-stories-1.mov
21577,Kevin-algo-stories-2.mov
21578,Kevin-algo-stories-3.mov
21579,Kevin-algo-stories-4.mov
21580,Kevin-algo-trading-1.mov
21581,Kevin-algo-trading-2.mov
21582,Kevin-algo-trading-3.mov
21583,Kevin-algo-trading-4.mov
21584,Kevin-algo-trading-5.mov
21585,Kevin-algo-trading-6.mov
21586,Kevin-area-code-1.mov
21587,Kevin-Area-code-2.mov
21588,Kevin-autonomous-machines-crash.mov
21589,Kevin-Big-games-1.mov
21590,Kevin-Biological-computation-1.mov
21591,Kevin-cognition-vs-computation-1.mov
21592,Kevin-cognition-vs-computation-2.mov
21593,Kevin-collaboration-with-machines.mov
21594,Kevin-computation-is-unnatural.mov
21595,Kevin-computation-was-invented.mov
21596,Kevin-computer-perception.mov
21597,Kevin-crash-and-burn.mov
21598,Kevin-Distributable-perceptual-model.mov
21599,Kevin-Draft-mode.mov
21600,Kevin-from-code-to-magazines-to-code.mov
21601,Kevin-game-designers.mov
21602,Kevin-Getting-smarter-together.mov
21603,Kevin-human-perception.mov
21604,Kevin-immersive-games.mov
21605,Kevin-invented-as-opposed-to-discovered-1.mov
21606,Kevin-invented-as-opposed-to-discovered-2.mov
21607,Kevin-learning-to-code.mov
21608,Kevin-machines-crash.mov
21609,Kevin-math-havoc-1.mov
21610,Kevin-math-havoc-2.mov
21611,Kevin-Networked-intelligence.mov
21612,Kevin-No-consequences-1.mov
21613,Kevin-no-consequences-2.mov
21614,Kevin-non-mimetic-reality.mov
21615,Kevin-printing-code.mov
21616,Kevin-Race-to-versimilitude.mov
21617,Kevin-reality-in-the-eyes-of-data.mov
21618,Kevin-storytelling-human-to-human.mov
21619,Kevin-Tools-of-perception.mov
21620,Kevin-tracking-rendition-flights.mov
21621,Kyle-CH-abstraction.mov
21622,Kyle-CH-alter-language-1.mov
21623,Kyle-CH-Avatars.mov
21624,Kyle-CH-blows-my-mind.mov
21625,Kyle-CH-Casey-Reas-Music-Visualizations.mov
21626,Kyle-CH-Cloud-atlas.mov
21627,Kyle-CH-coding-2.mov
21628,Kyle-CH-coding-is-1.mov
21629,"Kyle-CH-coding,-magic.mov"
21630,Kyle-CH-coral-reefs.mov
21631,Kyle-CH-Cory-Arcangel.mov
21632,Kyle-CH-digital-museums.mov
21633,Kyle-CH-don't-underestimate-traditional-art.mov
21634,Kyle-CH-erase-distinctions.mov
21635,Kyle-CH-face-OSC.mov
21636,Kyle-CH-fun-accessible-art.mov
21637,Kyle-CH-Future-life-storage.mov
21638,Kyle-CH-history-of-computational-art.mov
21640,Kyle-CH-interactivity.mov
21639,Kyle-CH-interactivity-2.mov
21641,Kyle-CH-mainstreaming-of-fring-visual-culture.mov
21642,Kyle-CH-MMORPGs.mov
21644,Kyle-CH-Modeling-consciousness.mov
21643,Kyle-CH-modeling-consciousness-2.mov
21645,Kyle-CH-nature-is-complex.mov
21646,Kyle-CH-net-galleries.mov
21647,Kyle-CH-new-aesthetic-1.mov
21648,Kyle-CH-new-aesthetic-2.mov
21649,Kyle-CH-new-generation.mov
21650,Kyle-CH-old-server-farms.mov
21651,Kyle-CH-open-source.mov
21652,Kyle-CH-Polygons.mov
21653,Kyle-CH-RGBD.mov
21654,Kyle-CH-RMB-city.mov
21655,Kyle-CH-Sentience-of-digital-art.mov
21656,Kyle-CH-Social-media-performance.mov
21657,Kyle-CH-storytelling.mov
21658,Kyle-CH-tribe-of-New-media.mov
21659,Kyle-CH-Twitter-archive.mov
21660,Kyle-CH-videogame-world.mov
21661,Kyle-CH-virtual-and-identity.mov
21662,Kyle-CH-virtual-space-online.mov
21663,Kyle-CH-vocabulary-for-understanding.mov
21664,Kyle-MC-Anonymous.mov
21666,Kyle-MC-artist-is-never-done.mov
21665,Kyle-MC-art-versus-engineering-2.mov
21667,Kyle-MC-beauty.mov
21668,Kyle-MC-box-on-your-face.mov
21669,Kyle-MC-Camera-doesn't-care-if-you're-human.mov
21670,Kyle-MC-code-as-a-theme-1.mov
21671,Kyle-MC-code-as-a-theme-2.mov
21672,Kyle-MC-Dangerous-to-conflate.mov
21673,Kyle-MC-Debug-screen.mov
21674,Kyle-MC-devices.mov
21675,Kyle-MC-eyetracking-everywhere.mov
21676,Kyle-MC-Eyewriter.mov
21677,Kyle-MC-face-algos.mov
21679,Kyle-MC-faceOSC-1.mov
21680,Kyle-MC-faceOSC-2.mov
21678,Kyle-MC-Face-Tracking-military.mov
21681,Kyle-MC-folowing-the-finger.mov
21682,Kyle-MC-Grab-them-ASAP.mov
21684,Kyle-MC-Hackers.mov
21683,Kyle-MC-Hackers-and-artists.mov
21685,Kyle-MC-imagining-your-pointcloud.mov
21686,Kyle-MC-Julian-Oliver.mov
21687,Kyle-MC-Keytweeter-1.mov
21688,Kyle-MC-Keytweeter-2.mov
21691,Kyle-MC-Kinect.mov
21689,Kyle-MC-kinect-2.mov
21690,Kyle-MC-kinect-was-meant-for.mov
21692,Kyle-MC-new-aesthetic-1.mov
21693,Kyle-MC-new-aesthetic-2.mov
21694,Kyle-MC-new-aesthetic-confession.mov
21695,Kyle-MC-not-novelty.mov
21696,Kyle-MC-People-staring-at-screens-1.mov
21697,Kyle-MC-People-staring-at-screens-2.mov
21698,Kyle-MC-People-staring-at-screens-3.mov
21699,Kyle-MC-People-staring-at-screens-4.mov
21700,Kyle-MC-programmers-vs-artists.mov
21701,Kyle-MC-shaping-the-direction.mov
21702,Kyle-MC-socially-acceptable.mov
21703,Kyle-MC-the-comment-thread.mov
21704,Kyle-MC-they-all-wear-the-same-glasses.mov
21706,Kyle-MC-Transparent-Tech.mov
21705,Kyle-MC-Transparent-tech-2.mov
21707,Kyle-MC-uncanny.mov
21708,Kyle-MC-vision.mov
21709,Kyle-MC-We-don't-understand-the-thing.mov
21710,Kyle-MC-who-I-am-1.mov
21711,Kyle-MC-who-I-am-2.mov
21712,Lauren-altering-reality-of-users.mov
21713,Lauren-Apps-as-art.mov
21714,Lauren-Beginning-art-and-tech.mov
21715,Lauren-breaking-down-barriers.mov
21716,Lauren-computer-self-1.mov
21717,Lauren-computer-self-2.mov
21718,Lauren-connect-or-push-apart.mov
21719,Lauren-Constructed-self.mov
21720,Lauren-data-ownership-1.mov
21721,Lauren-data-ownership-2.mov
21723,Lauren-desires-to-connect.mov
21722,Lauren-desire-to-get-together.mov
21724,Lauren-digital-afterlife.mov
21725,Lauren-digital-memory.mov
21726,Lauren-dream-device.mov
21727,Lauren-Fluxus-App.mov
21728,Lauren-friendtracking-1.mov
21729,Lauren-friendtracking-2.mov
21730,Lauren-Hack-my-way-out.mov
21732,Lauren-how-we-communicate.mov
21731,"Lauren-how-we-communicate,-shorter.mov"
21733,Lauren-identity-and-interaction.mov
21734,Lauren-inheriting-digital-property.mov
21735,Lauren-languages-as-tools.mov
21736,Lauren-Lifelong-project.mov
21737,Lauren-Limits-of-self-1.mov
21738,Lauren-Limits-of-self-2.mov
21739,Lauren-Metaphors.mov
21740,Lauren-modern-distraction.mov
21741,Lauren-politics-of-liking-things.mov
21742,Lauren-rape-in-cyberspace.mov
21743,Lauren-real-and-virtual-1.mov
21744,Lauren-real-and-virtual-2.mov
21745,Lauren-Sensors.mov
21746,Lauren-sentiment-anaylsis.mov
21747,Lauren-sex-tech-1.mov
21748,Lauren-sex-tech-2.mov
21749,Lauren-sharing-and-privacy.mov
21750,Lauren-social-media-rewards.mov
21751,Lauren-Social-reality-circa-2013.mov
21752,Lauren-social-turkers.mov
21753,Lauren-Squib-visualization.mov
21754,Lauren-student-apps-1.mov
21755,Lauren-student-apps-2.mov
21756,Lauren-swapping-perspectives-1.mov
21757,Lauren-swapping-perspectives-2.mov
21758,Lauren-text-based-relationships.mov
21759,Lauren-the-way-people-interact.mov
21760,Lauren-toward-greater-consciousness.mov
21761,Lauren-using-tools-in-unexpected-ways.mov
21762,Lauren-virtual-relationships.mov
21763,Lauren-Virtual-tension-1.mov
21764,Lauren-Virtual-tension-2.mov
21765,Lauren-wearables-1.mov
21766,Lauren-wearables-2.mov
21767,Lauren-words-shape.mov
21768,Lindsay-319-scholes.mov
21769,Lindsay-Anonymous-show.mov
21770,Lindsay-collective-creativity.mov
21771,Lindsay-death-of-technology.mov
21772,Lindsay-desire-for-closeness-to-work.mov
21773,Lindsay-hackers.mov
21774,Lindsay-meeting-IRL.mov
21775,Lindsay-meme-as-weapon.mov
21776,Lindsay-memes-2.mov
21777,Lindsay-online-identity.mov
21778,Maeda-ACU-p-2.mov
21779,Maeda-ACU-part-1.mov
21780,Maeda-Aesthetics-and-Computation-group.mov
21781,Maeda-All-about-the-why%3F.mov
21782,Maeda-applying-design-to-leadership.mov
21783,"Maeda-Art-is-asking-questions,-design-is-making-solutions.mov"
21784,Maeda-Artist-coders-coder-artists.mov
21785,Maeda-Batman-superman.mov
21786,Maeda-Clouds.mov
21787,Maeda-Coding-for-humanity.mov
21788,Maeda-Constraints.mov
21789,Maeda-Design-by-Numbers.mov
21790,Maeda-Design-in-the-foreground.mov
21791,Maeda-Digital-divide.mov
21792,Maeda-Digital-media-evolving.mov
21793,Maeda-Digital-meets-analog.mov
21794,Maeda-distraction-and-focus.mov
21795,Maeda-do-not-resuscitate.mov
21796,Maeda-Forever.mov
21797,Maeda-Glad-to-be-alive.mov
21798,Maeda-How-do-computers-help-us-to-visualize-information%3F.mov
21799,Maeda-How-do-I-balance-these-personas%3F.mov
21800,Maeda-How-do-you-relate-to-people%3F.mov
21801,Maeda-I-can-still-draw.mov
21802,"Maeda-Inexactitude,.mov"
21803,Maeda-Isn't-it-supposed-to-be-new%3F.mov
21804,Maeda-Kill-the-master.mov
21805,Maeda-last-trick.mov
21806,Maeda-Life-in-four-quarters.mov
21807,Maeda-lost-interest-in-interactivity.mov
21808,Maeda-mentors.mov
21809,Maeda-New-media.mov
21810,Maeda-not-a-big-deal.mov
21811,Maeda-old-and-new.mov
21812,Maeda-own-the-tool.mov
21813,Maeda-passing-the-baton.mov
21816,Maeda-People.mov
21814,Maeda-people-are-best-communicators.mov
21815,"Maeda-People-you're-meeting,.mov"
21817,Maeda-playful-systems.mov
21818,Maeda-post-digital.mov
21821,Maeda-Processing.mov
21819,Maeda-Processing-community.mov
21820,Maeda-Processing-toolkit.mov
21822,Maeda-reactive-square.mov
21823,Maeda-recording-appalachian-music.mov
21824,Maeda-self-expression.mov
21825,Maeda-sharing-for-collective-advancement.mov
21826,Maeda-simplicity-and-complexity.mov
21827,Maeda-Slurpies-and-pizza.mov
21828,Maeda-subversion.mov
21829,Maeda-technology-is-made-by-people.mov
21830,Maeda-thinking-about-interfaces.mov
21831,Marcus-audience.mov
21832,Marcus-Audiovisual-glue.mov
21833,Marcus-call-to-action.mov
21834,Marcus-code-for-storytelling.mov
21835,Marcus-community-styles.mov
21836,Marcus-economics-question.mov
21837,Marcus-electronic-music-influence.mov
21838,Marcus-emergence.mov
21840,Marcus-energy-flow.mov
21839,Marcus-energy-flow-riot.mov
21841,Marcus-Epic-Games-predictions.mov
21842,Marcus-global-conversation.mov
21843,Marcus-gurus.mov
21844,Marcus-lego-bricks.mov
21845,Marcus-modeling-consciousness.mov
21846,Marcus-new-tricks.mov
21847,Marcus-scaling-up.mov
21848,Marcus-Sims.mov
21849,Marcus-simulation-to-stories.mov
21850,Marcus-skating-to-coding.mov
21851,Marcus-visual-culture-evoling.mov
21852,Marius-.mov
21853,Marius-3D-printing.mov
21854,Marius-aesthetic-experience.mov
21855,"Marius-Aesthetic-with-no-references,.mov"
21856,Marius-algorithms-as-parameter-space.mov
21858,Marius-artificial-creativity.mov
21857,Marius-Art-world-gave-up-on-beauty.mov
21859,Marius-Becoming-mid-career.mov
21860,Marius-code-can-be-messy.mov
21861,Marius-color-3D-printing.mov
21862,Marius-constraining-randomness.mov
21863,Marius-Continuous-process-of-exploration.mov
21864,Marius-cross-discplines.mov
21865,Marius-culturally-biased-aesthetic.mov
21866,Marius-cyperpunk-history.mov
21867,Marius-Digi-meets-physical.mov
21868,Marius-dropped-out-of-computer-science.mov
21869,Marius-gardening.mov
21871,Marius-if-it's-not-interesting-I-abandon-it.mov
21870,Marius-I-hate-the-word-nerd.mov
21872,Marius-It's-dirtier-than-that.mov
21873,Marius-jumping-from-medium-to-medium.mov
21874,Marius-keeping-the-door-open.mov
21875,Marius-Living-in-a-state-of-newness-since-age-10.mov
21876,Marius-Machines-change-the-way-we-see.mov
21877,"Marius-my-work-exists-in-a-utopian-space,.mov"
21878,Marius-New-Aesthetic.mov
21879,Marius-new-tools-change-perception.mov
21880,Marius-parameter-space.mov
21881,Marius-Predicting-the-internet.mov
21882,Marius-reach-your-visual-cortex.mov
21883,Marius-Stylistic-darwinism.mov
21884,Marius-Techno-rococo.mov
21885,Marius-these-things-are-in-my-head.mov
21886,Marius-Thoroughly-enjoying-it-at-the-moment.mov
21887,Marius-We've-embraced-Dystopia.mov
21888,Martin-all-the-words.mov
21889,Martin-Are-we-getting-smarter-2.mov
21890,Martin-Are-we-getting-smarter%3F.mov
21891,Martin-baby-names.mov
21893,Martin-Big-data.mov
21892,Martin-Big-data-1.mov
21894,Martin-birds-eye-view.mov
21895,Martin-data-revleation.mov
21896,Martin-deeper-learning.mov
21897,Martin-evolution-of-interfaces.mov
21898,Martin-flickr-flow.mov
21899,Martin-getting-weirder.mov
21900,Martin-how-to-make-us-smarter.mov
21901,Martin-I-can-see-my-house-from-here.mov
21902,Martin-Inflation-not-that-interesting.mov
21903,Martin-language-and-infinity.mov
21904,Martin-language-is-like-code.mov
21905,Martin-limits-of-computation.mov
21906,Martin-lolcats.mov
21907,Martin-looking-at-art.mov
21908,Martin-Math-getting-better.mov
21909,Martin-Net-art.mov
21910,Martin-rapid-dissemination-of-info.mov
21911,Martin-Revelation.mov
21912,Martin-revelatory-learning.mov
21913,Martin-Seeing-the-whole-1.mov
21914,Martin-seeing-the-whole-2.mov
21915,Martin-seeing-thought-1.mov
21916,Martin-seeing-thought-2.mov
21917,Martin-short-attention-span.mov
21918,Martin-simple-elegant-prose.mov
21919,Martin-spiral-interface.mov
21920,Martin-spread-ideas.mov
21921,Martin-starry-night.mov
21922,Martin-Statistics.mov
21923,Martin-ubiquitous-connectivity.mov
21924,Martin-useful-only.mov
21925,Martin-verbal-programming-debate.mov
21926,Martin-visualizing-language.mov
21927,Martin-what-the-world-is-thinking.mov
21928,Martin-words-and-numbers.mov
21929,Martin-Zooming-is-critical.mov
21930,Memo-master-10yearsOld-1.mov
21931,Memo-master-10yearsOld-2.mov
21932,Memo-master-10yearsOld-3.mov
21933,Memo-master-A-bunch-of-lines-2.mov
21934,Memo-master-blows-lego-out-of-the-water.mov
21935,Memo-master-book-for-kids.mov
21936,Memo-master-Civili-Engineering.mov
21937,Memo-master-Complexity-1.mov
21938,Memo-master-Complexity-2.mov
21939,Memo-master-Deadline-1.mov
21940,Memo-master-Deadline-2.mov
21941,Memo-master-Emotional-lines.mov
21942,Memo-master-ExampleBiting.mov
21943,Memo-master-FictionalUniverse-1.mov
21944,Memo-master-FictionalUniverse-2.mov
21945,Memo-master-Filmmaker-aspirations.mov
21946,Memo-master-Flower.mov
21947,Memo-master-Fluctuating-creative-modes.mov
21948,Memo-master-Fractals.mov
21949,Memo-master-hacking-into-NASA.mov
21950,Memo-master-Hammers.mov
21951,Memo-master-Harmonic-1.mov
21952,Memo-master-Harmonic-2.mov
21953,Memo-master-Harmonic-3.mov
21954,Memo-master-InspiredByNature.mov
21955,Memo-master-instrument.mov
21956,Memo-master-just-problem-solving.mov
21957,Memo-master-library-1.mov
21958,Memo-master-library-2.mov
21959,Memo-master-Limited-Perception.mov
21960,Memo-master-looking-at-the-ocean.mov
21961,Memo-master-Magic-1.mov
21962,Memo-master-Magic-2.mov
21963,Memo-master-Magic-3.mov
21964,Memo-master-Master-of-universe-1.mov
21965,Memo-master-Master-of-universe-2.mov
21966,Memo-master-Maximalist.mov
21967,Memo-master-MSA-1.mov
21968,Memo-master-MSA-2.mov
21969,Memo-master-MSAFluid-1.mov
21970,Memo-master-MSAFluid-2.mov
21971,Memo-master-MSAFluid-3.mov
21972,Memo-master-Mushrooms-1.mov
21973,Memo-master-Non-narrative.mov
21974,Memo-master-PerceivingThroughScience.mov
21975,Memo-master-PosthumanFun.mov
21976,Memo-master-Programming-1.mov
21977,Memo-master-Programming-2.mov
21978,Memo-master-Psychedelic-1.mov
21979,Memo-master-Psychedelic-Pong.mov
21980,Memo-master-Pulses.mov
21981,Memo-master-Rational-brain.mov
21982,Memo-master-Simplicity-1.mov
21983,Memo-master-Simplicity-2.mov
21984,Memo-master-Simplicity-3.mov
21985,Memo-master-Software-Meme-1.mov
21986,Memo-master-Software-Meme-2.mov
21987,Memo-master-songs-and-film.mov
21988,Memo-master-Sonifying.mov
21989,Memo-master-Sound-and-vision.mov
21990,Memo-master-Sound-design.mov
21991,Memo-master-STEAM-1.mov
21992,Memo-master-Story-unfolds.mov
21993,Memo-master-Synaesthesia-1.mov
21994,Memo-master-Synaesthesia-2.mov
21995,Memo-master-Synaesthesia-3.mov
21996,Nervous-Jesse-Biology-is-messy.mov
21997,Nervous-Jesse-breaking-the-system.mov
21998,Nervous-Jesse-doing-something-new-with-a-system.mov
21999,Nervous-Jesse-error.mov
22000,Nervous-Jesse-Getting-Ripped-off.mov
22001,Nervous-Jesse-limiting-open-source.mov
22002,Nervous-Jesse-making-things.mov
22003,Nervous-Jesse-Marker-2.mov
22004,Nervous-Jesse-Open-source-education.mov
22005,Nervous-Jesse-organic-process.mov
22006,Nervous-Jesse-our-explorations-are-random.mov
22007,Nervous-Jesse-reaction-lamp.mov
22008,Nervous-Jesse-simulation.mov
22009,Nervous-Jesse-theoretical.mov
22010,Nervous-Jesse-Time-in-the-universe.mov
22011,Nervous-Jesse-understanding-to-control-1.mov
22012,Nervous-Jesse-understanding-to-control-2.mov
22013,Nervous-Jesse-understanding-to-control-3.mov
22014,Nervous-Jesse-understanding-to-control-4.mov
22015,Nervous-Jesse-we-like-things-tidy.mov
22016,Nervous-Jessica-Big-3D-printers-Long-quote.mov
22017,Nervous-Jessica-biocomputer.mov
22018,Nervous-Jessica-Biology.mov
22019,Nervous-Jessica-Can't-draw.mov
22021,Nervous-Jessica-Design-process.mov
22020,Nervous-Jessica-Design-process-2.mov
22022,Nervous-Jessica-Growing-buildings.mov
22023,Nervous-Jessica-I-create-the-work-that-I-love.mov
22024,Nervous-Jessica-John-Maeda.mov
22025,Nervous-Jessica-knowing-it's-beautiful.mov
22026,Nervous-Jessica-Marker-2.mov
22027,Nervous-Jessica-MIT-beginning.mov
22028,Nervous-Jessica-RNA-and-Viruses.mov
22029,Nervous-Jessica-Science-papers.mov
22030,Nervous-Jessica-Why-is-it-beautiful.mov
22031,Paola-art-science.mov
22032,Paola-Design-and-science.mov
22033,Paola-designer-of-the-future.mov
22034,Paola-Integrating-with-technology.mov
22035,Paola-social-media-quicksand.mov
22036,Patricio-Alchemy-1.mov
22037,Patricio-Alchemy-2.mov
22038,Patricio-Alchemy-3.mov
22039,Patricio-Building-Universes-1.mov
22040,Patricio-Building-Universes-2.mov
22044,Patricio-CLOUDS.mov
22041,Patricio-CLOUDS-2.mov
22042,Patricio-CLOUDS-3.mov
22043,Patricio-CLOUDS-4.mov
22045,Patricio-Cryptic-code.mov
22046,Patricio-Discovering-Mathematical-Reality.mov
22047,Patricio-Dream-of-eggs.mov
22048,Patricio-Dreams.mov
22049,Patricio-Imaginative-technologies-1.mov
22050,Patricio-Imaginative-technologies-2.mov
22051,Patricio-infinity-of-projects-on-google.mov
22052,Patricio-Information-1.mov
22053,Patricio-Information-2.mov
22054,Patricio-Information-3.mov
22055,Patricio-InteractiveTable-1.mov
22056,Patricio-InteractiveTable-2.mov
22057,Patricio-Jam-session.mov
22058,Patricio-Learning-through-others.mov
22059,Patricio-Library-of-Babel.mov
22060,Patricio-Magic-Spells-1.mov
22061,Patricio-Making-tools.mov
22062,Patricio-Mentors.mov
22063,Patricio-Network-perception.mov
22064,Patricio-Physical-synchronization.mov
22065,Patricio-Play-1.mov
22066,Patricio-Play-2.mov
22067,Patricio-Reality.mov
22068,Patricio-Rethinking-education-systems.mov
22069,Patricio-Seduced-by-Play-1.mov
22070,Patricio-Seduced-by-Play-3.mov
22071,Patricio-Social-skills.mov
22072,Patricio-Theory-of-Play-1.mov
22073,Patricio-Transmitting-knowledge.mov
22074,Patricio-Zeitgeist-of-open-source.mov
22075,Philip-all-the-points-can-flush.mov
22076,Philip-audiovisual-gigs.mov
22077,Philip-bits-and-bytes.mov
22078,Philip-build-the-whole-universe.mov
22079,Philip-changes-your-thinking.mov
22080,Philip-couldn't-do-this-with-actual-water.mov
22081,Philip-first-time-computation.mov
22082,Philip-get-an-idea.mov
22083,Philip-if-I-had-Processing-in-school.mov
22084,Philip-image-is-in-your-brain.mov
22085,Philip-in-touch-all-the-time.mov
22086,Philip-its-a-tool.mov
22087,Philip-learn-through-programming.mov
22088,Philip-limitations.mov
22089,Philip-programming-the-river.mov
22090,Philip-system-in-your-head.mov
22091,Philip-toxi's-physics.mov
22092,Philip-understanding-through-physics.mov
22093,Philip-what-we-do.mov
22094,Philip-with-programming-you-can-do-whatever.mov
22095,Philip-young-medium.mov
22096,Ramsey-a-hundred-million.mov
22098,Ramsey-Alan-Kay-biocomputing.mov
22099,Ramsey-ALB-1.mov
22100,Ramsey-ALB-2.mov
22101,Ramsey-ALB-3.mov
22102,Ramsey-ALB-4.mov
22103,Ramsey-ALB-5.mov
22104,Ramsey-algorithm-comes-from-arabic.mov
22105,Ramsey-algorithms-run-wild.mov
22097,Ramsey-a-piece-of-my-mind.mov
22106,Ramsey-arab-abstraction-1.mov
22107,Ramsey-arab-abstraction-2.mov
22108,Ramsey-beauty-of-code.mov
22109,Ramsey-beauty-of-the-score.mov
22110,Ramsey-biology-and-the-internet.mov
22111,Ramsey-C%2B%2B-built-the-modern-world.mov
22112,Ramsey-cloud-1.mov
22113,Ramsey-cloud-2.mov
22114,Ramsey-code-specifies-behavior.mov
22115,Ramsey-complacency-1.mov
22116,Ramsey-complacency-2.mov
22117,Ramsey-complicated-C%2B%2B.mov
22118,Ramsey-computation-is-interpretation-of-rules.mov
22119,Ramsey-computer-was-a-person.mov
22123,Ramsey-conway.mov
22120,Ramsey-Conway-1.mov
22121,Ramsey-Conway-2.mov
22122,Ramsey-Conway-3.mov
22124,Ramsey-dating-algorithms.mov
22125,Ramsey-designing-languages.mov
22126,Ramsey-distributed-model.mov
22127,Ramsey-DNA-and-code.mov
22128,Ramsey-does-nature-compute%3F-1.mov
22129,Ramsey-does-nature-compute%3F-2.mov
22130,Ramsey-dystopia.mov
22131,Ramsey-elegant-system.mov
22132,Ramsey-emergence-from-simple-rules.mov
22133,Ramsey-emoji-is-restricted.mov
22134,Ramsey-fluxus.mov
22135,Ramsey-games-for-access.mov
22136,Ramsey-Google-glass.mov
22137,Ramsey-google's-business-model-1.mov
22138,Ramsey-google's-business-model-2.mov
22139,Ramsey-heiroglyphs.mov
22140,Ramsey-independent-of-any-human.mov
22141,Ramsey-it's-not-painting-1.mov
22142,Ramsey-it's-not-painting-2.mov
22143,Ramsey-language-as-expression.mov
22144,Ramsey-language-self-expression.mov
22145,Ramsey-legos-1.mov
22146,Ramsey-legos-2.mov
22147,Ramsey-legos-3.mov
22148,Ramsey-literacy.mov
22149,Ramsey-minecraft-1.mov
22150,Ramsey-minecraft-2.mov
22151,Ramsey-New-Kind-of-Science.mov
22152,Ramsey-no-ambiguity-allowed.mov
22153,Ramsey-not-interested-in-design-fiction.mov
22154,Ramsey-operating-system-biases.mov
22155,Ramsey-ownership-and-programming.mov
22156,Ramsey-Ramsey-Intro.mov
22157,Ramsey-resilient-internet.mov
22158,Ramsey-social-computer.mov
22159,Ramsey-the-curse-of-60s-tech.mov
22160,Ramsey-the-internet-1.mov
22161,Ramsey-thinking-previously-unthinkable-thoughts.mov
22162,Ramsey-traditional-engineering.mov
22163,Ramsey-trapese-1.mov
22164,Ramsey-trapese-2.mov
22165,Ramsey-unmaintainable-code.mov
22166,Ramsey-videogame-development.mov
22167,Ramsey-what-is-a-computer.mov
22168,Ramsey-why-code-is-special.mov
22169,Ramsey-wizardry-1.mov
22170,Ramsey-wizardry-2.mov
22171,Regine-adapting-work-for-commercial-contexts.mov
22172,Regine-advertisers-stealing.mov
22173,Regine-aesthetic-experience.mov
22174,Regine-ambiguous-categories.mov
22175,Regine-Boring-beauty.mov
22176,Regine-commercial-appropriation.mov
22177,Regine-dark-future.mov
22178,Regine-digital-technology.mov
22179,Regine-doesn't-matter-as-long-as-it's-good.mov
22180,Regine-elitist-and-their-gadgets.mov
22181,Regine-future-camera.mov
22182,Regine-Hackers.mov
22183,Regine-Hacking.mov
22184,Regine-imagining-the-future.mov
22185,Regine-ineffectual-art.mov
22186,Regine-information-should-be-free.mov
22187,Regine-Internet-doesn't-change-things.mov
22188,Regine-looking-forward-to-problems.mov
22189,Regine-making-a-living.mov
22190,Regine-more-concerned-with-socially-engaged-work.mov
22191,Regine-new-media-ghetto.mov
22192,Regine-teleportation.mov
22193,Regine-the-lucky-ones.mov
22194,"Regine-twitter,-future.mov"
22195,Regine-virtual.mov
22196,Shantell-.mov
22197,Shantell-big-kid.mov
22198,Shantell-circularity.mov
22199,Shantell-Coding-gesturally.mov
22200,Shantell-Coding-what-does-it-feel-like.mov
22201,"Shantell-collaboration,.mov"
22202,Shantell-comes-around.mov
22203,Shantell-create-your-own-luck.mov
22204,Shantell-doingwithothers.mov
22205,Shantell-drawing-live.mov
22206,Shantell-drawing-with-computers.mov
22207,Shantell-Drawing-with-machines.mov
22208,Shantell-drawing-with-noise.mov
22209,Shantell-drawing-with-the-computer.mov
22210,Shantell-every-line-is-a-mistake.mov
22211,Shantell-full-circle.mov
22212,Shantell-Future-gesture.mov
22213,Shantell-Goals.mov
22214,Shantell-group-improvisation.mov
22215,Shantell-Kids.mov
22216,Shantell-live-drawing.mov
22217,"Shantell-Live-performance,.mov"
22218,Shantell-luck.mov
22219,Shantell-magic-and-tech.mov
22220,Shantell-Markmaking-software.mov
22221,Shantell-meeting-zach.mov
22223,Shantell-sharing.mov
22222,Shantell-Sharing-creates-luck.mov
22224,Shantell-simple.mov
22225,Shantell-take-the-line-further.mov
22226,Shantell-work-with-zach.mov
22228,Shiffman-advanced-environment.mov
22227,Shiffman-a-mystical-quality.mov
22229,Shiffman-Carl-Sims.mov
22230,"Shiffman-Constraints,.mov"
22231,Shiffman-Desire-for-order.mov
22232,Shiffman-evolution.mov
22233,Shiffman-gambling-1.mov
22234,Shiffman-gambling-2.mov
22235,Shiffman-Games.mov
22236,Shiffman-genetic-algos-1.mov
22237,Shiffman-genetic-algos-2.mov
22238,Shiffman-genetics-short-1.mov
22239,Shiffman-genetics-short-2.mov
22240,Shiffman-how-far-could-we-get.mov
22242,Shiffman-inexactitude.mov
22241,Shiffman-i-spend-more-time-teaching.mov
22243,Shiffman-Magnets.mov
22244,Shiffman-make-it-random.mov
22245,Shiffman-Maybe-I'd-like-that.mov
22246,Shiffman-million-monkeys.mov
22247,Shiffman-mutation.mov
22248,Shiffman-mysterious-box.mov
22249,Shiffman-nature-of-code-book.mov
22250,Shiffman-NOC-1.mov
22251,Shiffman-NOC-2.mov
22252,Shiffman-NOC-3.mov
22253,Shiffman-Not-a-visual-thinker.mov
22254,Shiffman-offers-me-a-way-to-think.mov
22255,Shiffman-Open-Source-Contract.mov
22256,Shiffman-problem-solving.mov
22257,Shiffman-programming-the-universe.mov
22258,Shiffman-randomness-can-be-not-very-thoughtful.mov
22259,Shiffman-reality-will-only-get-you-so-far.mov
22260,Shiffman-sharing.mov
22261,Shiffman-sketching-with-code.mov
22262,Shiffman-There's-an-element-of-surprise.mov
22263,Shiffman-what-computers-can-do.mov
22264,Shiffman-what-do-you-archive%3F.mov
22265,Sophy-%3C3.mov
22266,Sophy-are-we-having-fun%3F.mov
22267,Sophy-art-hallucination.mov
22268,Sophy-avatar-1.mov
22269,Sophy-avatar-2.mov
22270,Sophy-city.mov
22271,Sophy-computer-dream.mov
22272,Sophy-distributed-culture.mov
22273,Sophy-everyday-media.mov
22274,Sophy-Evolution.mov
22275,Sophy-information-overload.mov
22276,Sophy-made-of-photons.mov
22277,Sophy-nanobots.mov
22278,Sophy-nonlinearity.mov
22279,Sophy-RainbowSpaceCats.mov
22280,Sophy-Strange-cultures.mov
22281,Sophy-techno-fungus.mov
22282,Sophy-the-Cloud.mov
22283,Sophy-tumblr-1.mov
22284,Sophy-tumblr-2.mov
22285,Sophy-Where's-the-best-hamburger%3F.mov
22286,Theo-3D-sensing.mov
22287,Theo-addictive-process.mov
22288,Theo-approach-to-art.mov
22289,Theo-art-world.mov
22290,Theo-crazy-researcher.mov
22291,"Theo-development-feedback,.mov"
22292,Theo-evolution.mov
22293,Theo-eyebeam-R%26D.mov
22294,Theo-eyewriter-and-laser-tag.mov
22295,Theo-favorite-projects.mov
22296,Theo-FFFFAT.mov
22297,Theo-funky-forest.mov
22298,Theo-generative-and-pre-rendered.mov
22299,Theo-hidden-technology.mov
22300,"Theo-hide-the-technology,.mov"
22302,Theo-inspired-by-nature.mov
22301,Theo-inspired-by-nature-shorter.mov
22303,Theo-Kids-interacting.mov
22304,Theo-learning.mov
22305,Theo-leaving-a-mark.mov
22306,Theo-magic.mov
22307,"Theo-new-media-and-old-media,.mov"
22308,Theo-newness.mov
22309,Theo-open-frameworks.mov
22310,Theo-relating-to-nature.mov
22311,Theo-struggle-with-technology.mov
22312,Vera-Accessibility-through-strories.mov
22313,"Vera-commisions,.mov"
22314,Vera-Digital-life-forms.mov
22315,Vera-Energy-Flow1.mov
22316,Vera-Energy-Flow2.mov
22317,Vera-having-a-protagonist.mov
22318,Vera-Playing-with-a-system.mov
22319,Vera-What-I-like-about-this-field.mov
22320,Vera-working-for-clients.mov
22322,Zach-action-script.mov
22321,Zach-action-script-shorter.mov
22323,Zach-at-a-festival.mov
22324,Zach-debugging.mov
22325,Zach-decompiling.mov
22326,Zach-drawing-with-Tayoon.mov
22327,Zach-Drawn1.mov
22328,Zach-drawn2.mov
22329,Zach-emailing-the-communnity.mov
22330,Zach-father-the-storyteller.mov
22331,Zach-Fucking-boring.mov
22332,Zach-hate-working-alone.mov
22333,Zach-hide-the-tech.mov
22334,Zach-Joshua-Davis.mov
22335,Zach-less-demo.mov
22336,Zach-Live-coding.mov
22337,Zach-minecraft-livecode.mov
22338,"Zach-more-poetry,-less-demo.mov"
22339,Zach-nerd-art-center.mov
22340,Zach-on-the-street.mov
22341,Zach-Open-CV.mov
22342,Zach-Open-Frameworks-1.mov
22343,Zach-Open-Frameworks-2.mov
22344,Zach-Open-Frameworks-3.mov
22345,Zach-Open-Frameworks-4.mov
22346,Zach-open-source-challenge.mov
22347,Zach-printshop.mov
22348,"Zach-processing,-publishing.mov"
22349,Zach-programming-2.mov
22350,Zach-Time-slows-down.mov
22351,Zach-venn-diagrams-of-interest.mov
22353,Zach-working-with-golan-2.mov
22352,Zach-work-with-Golan.mov
